filename,image,x1,x2,x3,x4
00e4a02f-2_4_jpg.rf.680e9557de19736298fc65a513d36db6.txt,"[[87 86 85 ... 17 17 17]
 [87 87 86 ... 18 17 17]
 [88 87 86 ... 18 18 17]
 ...
 [46 46 45 ... 12 12 11]
 [46 45 45 ... 12 11 11]
 [46 45 45 ... 11 11 11]]",0.4940693430656935,0.593978102189781,0.312043795620438,0.7755474452554744
02871ef4-5_16_jpg.rf.1f7f827ebb2151a22815e588f877d3b0.txt,"[[ 86  83  81 ... 144 134 108]
 [ 88  88  90 ... 142 138 118]
 [ 70  69  70 ... 133 131 115]
 ...
 [ 55  50  38 ... 103  98  84]
 [ 71  68  57 ...  99  94  80]
 [ 72  74  67 ...  91  91  86]]",0.5821167883211679,0.30474452554744524,0.8357664233576643,0.572992700729927
02d1ec2e-1_28_jpg.rf.89f8ecbfbc259ca159300794f6025c9f.txt,"[[197 197 197 ... 139 142 148]
 [197 198 198 ... 130 132 156]
 [199 199 199 ... 132 132 151]
 ...
 [ 57  56  55 ... 147 143 145]
 [ 49  50  51 ... 143 139 139]
 [ 64  64  63 ... 140 136 135]]",0.4920164233576642,0.5410583941605839,0.34078467153284664,0.6113138686131386
04d60129-5_13_jpg.rf.660c8c9621ba1824ee2f7ed409b0315f.txt,"[[226 224 234 ... 219 219 219]
 [225 224 234 ... 219 219 219]
 [209 207 219 ... 220 220 220]
 ...
 [ 18  17  17 ...  56  56  57]
 [ 18  18  17 ...  55  56  56]
 [ 19  18  17 ...  55  55  56]]",0.5104927007299271,0.5492700729927007,0.5611313868613141,0.8284671532846718
053c3495-4_2_jpg.rf.b1caf3e71174f5b37fc966dac02498b9.txt,"[[145 144 144 ... 200 200 200]
 [145 144 144 ... 200 200 200]
 [145 144 144 ... 200 200 200]
 ...
 [ 89  89  89 ...  99  97  95]
 [ 89  89  89 ... 101  95  90]
 [ 89  89  89 ... 105  98  92]]",0.5932937956204378,0.5547445255474449,0.595346715328467,0.711678832116788
05442da3-5_10_jpg.rf.13fb75ab629a60a0cf459509b06166cd.txt,"[[130 130 130 ... 116 117 159]
 [130 130 130 ... 114 113 147]
 [130 130 130 ... 125 125 148]
 ...
 [ 60  55  57 ... 104 108 105]
 [ 57  62  67 ...  97  99  91]
 [ 57  68  74 ...  94  93  81]]",0.5713959854014599,0.469890510948905,0.5926094890510949,0.4324817518248176
0812f52c-WIN_20240524_16_54_50_Pro.txt,"[[194 193 192 ... 157 156 156]
 [194 193 192 ... 157 156 156]
 [193 192 191 ... 156 156 156]
 ...
 [ 31  33  33 ... 133 132 132]
 [ 30  31  31 ... 132 131 130]
 [ 31  30  31 ... 131 130 129]]",0.6114130434782609,0.4492753623188407,0.20962732919254662,0.7453416149068325
0c6bfb27-WIN_20240524_16_53_58_Pro.txt,"[[129 130 131 ... 150 151 152]
 [130 131 132 ... 151 152 153]
 [131 132 133 ... 146 148 149]
 ...
 [ 22  22  21 ...  15  15  16]
 [ 22  22  22 ...  16  18  19]
 [ 22  22  22 ...  17  19  21]]",0.4868012422360249,0.4285714285714286,0.21661490683229823,0.3892339544513459
0d525efd-WIN_20240524_17_25_45_Pro.txt,"[[175 174 173 ... 122 122 122]
 [174 174 173 ... 123 122 121]
 [174 174 174 ... 123 122 121]
 ...
 [ 19  19  19 ... 136 136 136]
 [ 18  18  18 ... 135 135 135]
 [ 17  18  18 ... 135 135 134]]",0.6668539325842697,0.7520599250936328,0.3292134831460675,0.4014981273408242
0e668be8-4_16_jpg.rf.19f0a78280261bc7205da85667aa667d.txt,"[[183 185 188 ... 137 136 136]
 [175 177 180 ... 136 139 142]
 [159 161 163 ... 138 140 142]
 ...
 [ 43  51  59 ... 220 220 220]
 [ 70  84  98 ... 220 220 220]
 [ 88 107 129 ... 220 220 220]]",0.4516423357664231,0.5182481751824813,0.6322992700729925,0.8029197080291962
11478dd7-WIN_20240524_16_54_57_Pro.txt,"[[188 187 186 ... 153 152 151]
 [187 187 186 ... 152 151 150]
 [186 186 186 ... 152 151 150]
 ...
 [ 29  27  26 ... 128 127 127]
 [ 29  27  26 ... 129 129 128]
 [ 30  29  27 ... 130 130 129]]",0.4908773291925468,0.40993788819875776,0.28066770186335427,0.7453416149068324
1186bc96-0_29_jpg.rf.aff926e0a722c9d4c8ab81ed7e55397d.txt,"[[166 166 166 ... 147 149 152]
 [167 167 166 ... 150 152 153]
 [168 168 167 ... 154 154 153]
 ...
 [ 34  34  33 ... 144 142 143]
 [ 33  32  31 ... 144 141 142]
 [ 31  33  34 ... 143 140 141]]",0.551551094890511,0.6213503649635037,0.4927007299270073,0.509124087591241
12be38e1-2_10_jpg.rf.930c727521bdbf60177aad99553e50b7.txt,"[[ 87  87  87 ...  95  98 100]
 [ 87  87  88 ...  94  96  98]
 [ 87  88  88 ...  92  94  95]
 ...
 [ 50  50  50 ...  16  16  16]
 [ 49  49  49 ...  16  16  16]
 [ 49  49  49 ...  16  16  16]]",0.4468521897810219,0.541058394160584,0.395529197080292,0.666058394160584
13ca0e11-0_14_jpg.rf.a88d3514c4d4218c3c879687b6b451cb.txt,"[[209 209 210 ... 145 149 151]
 [209 209 210 ... 147 150 150]
 [209 209 210 ... 151 152 149]
 ...
 [ 63  64  73 ...  75  35   7]
 [ 59  61  71 ...  66  29   8]
 [ 57  59  70 ...  60  26   9]]",0.4776459854014597,0.5364963503649635,0.5255474452554744,0.521897810218978
159d5c17-3_24_jpg.rf.63e4a73ee8b9408bd645e2ea4256edb4.txt,"[[ 83  77  61 ... 142 137 132]
 [ 82  83  76 ... 121 122 121]
 [ 78  85  90 ... 123 124 124]
 ...
 [ 64  73  78 ...  11  11  11]
 [ 68  73  77 ...  10  10  10]
 [ 72  72  73 ...   9  10  10]]",0.5796076642335765,0.5456204379562041,0.4092153284671535,0.5912408759124085
18009bd9-WIN_20240524_16_53_56_Pro.txt,"[[141 141 141 ... 158 159 160]
 [141 141 141 ... 159 160 160]
 [141 141 141 ... 159 160 160]
 ...
 [ 13  13  14 ...  13  12  11]
 [ 13  13  13 ...  13  12  10]
 [ 12  12  12 ...  14  12  10]]",0.4111024844720497,0.31780538302277433,0.17236024844720504,0.36645962732919257
1898632c-WIN_20240524_17_25_26_Pro.txt,"[[176 176 176 ... 129 128 128]
 [176 176 176 ... 129 128 128]
 [176 176 176 ... 128 128 127]
 ...
 [ 23  23  23 ... 155 155 155]
 [ 21  21  20 ... 154 154 153]
 [ 19  18  17 ... 153 153 153]]",0.38651685393258434,0.5023720349563047,0.40224719101123596,0.637203495630462
1ac13304-WIN_20240524_17_24_42_Pro.txt,"[[187 187 186 ... 144 143 143]
 [187 186 186 ... 145 144 144]
 [186 186 186 ... 146 145 144]
 ...
 [ 62  62  62 ... 153 152 152]
 [ 62  61  62 ... 154 153 153]
 [ 62  62  62 ... 154 154 155]]",0.3471910112359551,0.44544319600499377,0.2224719101123596,0.6711610486891386
1e02a568-3_4_jpg.rf.66ae02b9ddf845d1ac159671fe636950.txt,"[[107 122 133 ... 127 127 127]
 [120 122 121 ... 127 127 127]
 [118 108 104 ... 127 127 127]
 ...
 [  9   9   9 ...  51  48  45]
 [  9   9   9 ...  48  52  51]
 [  9   9   9 ...  51  59  58]]",0.5460766423357665,0.5720802919708029,0.3832116788321167,0.5675182481751825
1f4bd5c4-WIN_20240524_17_24_40_Pro.txt,"[[188 188 187 ... 147 146 145]
 [188 188 187 ... 148 147 146]
 [187 187 187 ... 149 147 147]
 ...
 [ 62  62  62 ... 152 152 152]
 [ 62  62  63 ... 152 152 152]
 [ 62  63  64 ... 152 152 153]]",0.5061797752808989,0.39350811485642945,0.2707865168539326,0.6831460674157303
2174a16a-WIN_20240524_16_55_28_Pro.txt,"[[191 192 193 ... 160 160 160]
 [191 192 193 ... 160 160 160]
 [192 192 193 ... 160 161 161]
 ...
 [ 27  27  28 ... 122 118 115]
 [ 29  29  29 ... 122 117 115]
 [ 30  30  29 ... 121 117 114]]",0.719138198757764,0.4844720496894411,0.2643633540372671,0.832298136645963
2242b261-WIN_20240524_17_24_56_Pro.txt,"[[185 185 185 ... 151 152 152]
 [185 186 186 ... 151 152 152]
 [186 186 187 ... 151 151 151]
 ...
 [ 79  78  77 ... 154 153 153]
 [ 80  79  78 ... 154 153 152]
 [ 80  80  79 ... 153 152 152]]",0.3567415730337079,0.3545568039950063,0.41460674157303373,0.6931335830212235
23f5ebba-0_26_jpg.rf.b46421c2d624115a99157e617ac20f3e.txt,"[[213 213 213 ... 156 156 156]
 [213 213 213 ... 156 156 156]
 [213 213 213 ... 156 156 156]
 ...
 [122 103  97 ... 132 131 131]
 [106  91  97 ... 132 132 132]
 [100  90 106 ... 133 134 134]]",0.40237226277372257,0.6021897810218978,0.3914233576642336,0.43065693430656926
24d32e20-WIN_20240524_16_55_13_Pro.txt,"[[132 131 128 ... 173 173 173]
 [132 131 129 ... 173 172 172]
 [132 131 129 ... 173 172 172]
 ...
 [ 23  24  25 ... 101 101 101]
 [ 27  27  27 ... 101 100 100]
 [ 30  30  29 ... 100  99  99]]",0.4506987577639741,0.6086956521739131,0.24922360248447176,0.7826086956521742
2808a500-4_19_jpg.rf.bcfb25c9c9e09fbe8903fc38ba7d9ced.txt,"[[95 95 95 ... 89 88 88]
 [95 95 96 ... 89 89 88]
 [96 96 96 ... 89 89 89]
 ...
 [51 51 51 ... 16 16 16]
 [50 51 51 ... 16 16 16]
 [50 50 50 ... 16 16 16]]",0.5317062043795622,0.5501824817518247,0.3243613138686133,0.8229927007299268
28434050-WIN_20240524_16_53_22_Pro.txt,"[[ 90  91  90 ... 109 107 106]
 [ 92  91  91 ... 110 108 107]
 [ 93  93  92 ... 111 110 109]
 ...
 [ 80  79  78 ...  55  56  56]
 [ 80  79  78 ...  55  56  56]
 [ 80  79  78 ...  55  57  58]]",0.5281444099378882,0.44099378881987583,0.2270962732919255,0.5590062111801243
2ab738aa-0_12_jpg.rf.a2cc2091261b78bde268b2498d6c765d.txt,"[[110 113 101 ... 139 137 132]
 [ 96 109 101 ... 117 117 114]
 [ 87 108 103 ... 146 145 141]
 ...
 [ 85  83  75 ... 152 158 154]
 [ 59  53  43 ... 170 165 148]
 [ 46  49  51 ... 166 152 120]]",0.6158759124087592,0.35675182481751816,0.3914233576642334,0.333941605839416
2ad52001-WIN_20240524_16_53_38_Pro.txt,"[[185 185 186 ... 144 145 145]
 [185 185 185 ... 144 145 145]
 [184 185 185 ... 145 145 145]
 ...
 [121 123 123 ...  79  81  82]
 [121 123 124 ...  78  81  82]
 [121 123 125 ...  78  81  83]]",0.6009316770186336,0.3064182194616977,0.16304347826086954,0.39337474120082816
2b4f345f-3_7_jpg.rf.233194afc7e0132d6631cc2f6e58622f.txt,"[[206 206 206 ... 146 146 146]
 [206 206 206 ... 146 146 146]
 [207 207 207 ... 146 146 146]
 ...
 [104  97  93 ...  90  90  90]
 [114 104  97 ...  91  91  90]
 [122 109 100 ...  91  91  91]]",0.3305200729927008,0.6167883211678832,0.6309306569343067,0.5693430656934306
2c0848ba-WIN_20240524_17_25_30_Pro.txt,"[[173 173 173 ... 131 131 131]
 [174 174 174 ... 131 131 131]
 [175 175 175 ... 131 131 131]
 ...
 [ 25  25  25 ... 146 148 149]
 [ 26  25  24 ... 147 148 150]
 [ 26  25  24 ... 147 149 151]]",0.475842696629214,0.42846441947565433,0.4303370786516856,0.8569288389513087
2ca9816f-WIN_20240524_16_52_15_Pro.txt,"[[182 183 184 ... 145 144 144]
 [183 183 184 ... 145 145 145]
 [183 183 183 ... 146 146 146]
 ...
 [ 24  24  24 ... 152 152 152]
 [ 23  24  24 ... 150 150 150]
 [ 23  24  25 ... 149 149 150]]",0.4285714285714286,0.355072463768116,0.27950310559006214,0.6190476190476191
2e25b334-WIN_20240524_16_53_51_Pro.txt,"[[181 181 183 ... 145 146 146]
 [182 182 183 ... 145 145 145]
 [183 184 184 ... 144 144 144]
 ...
 [103 103 102 ...  90 101 102]
 [ 95  95  93 ...  94 100 102]
 [ 92  92  91 ...  99 104 107]]",0.5450310559006212,0.49378881987577644,0.20263975155279504,0.5196687370600415
2e71dc4b-WIN_20240524_16_52_53_Pro.txt,"[[179 179 178 ... 137 137 136]
 [179 179 178 ... 137 136 136]
 [178 178 179 ... 137 136 136]
 ...
 [106 103  99 ... 128 133 135]
 [ 98  95  88 ... 126 132 133]
 [ 91  91  90 ... 125 131 132]]",0.483307453416149,0.3519668737060042,0.20263975155279504,0.6045548654244307
2f899ad8-0_5_jpg.rf.c260105913157f673d277adad0ae009e.txt,"[[126 153 161 ... 131 122 139]
 [146 166 172 ... 125 122 133]
 [147 160 155 ... 121 126 128]
 ...
 [ 46  39  45 ...  94  88  89]
 [ 49  40  59 ... 101 111 123]
 [ 58  45  68 ... 100 103 111]]",0.6473540145985405,0.3996350364963503,0.33667883211678856,0.40145985401459844
30ae9534-4_9_jpg.rf.2bbcd834740562de93b653fbcce137b8.txt,"[[217 216 228 ... 221 221 221]
 [217 216 229 ... 221 221 221]
 [202 201 214 ... 221 221 221]
 ...
 [ 12  12  12 ...  62  62  62]
 [ 12  12  12 ...  62  62  62]
 [ 12  12  12 ...  61  61  61]]",0.5529197080291967,0.4324817518248172,0.34762773722627693,0.7737226277372257
312373c2-1_15_jpg.rf.881bf986c2b88a5ff06c1918f8687a3b.txt,"[[215 215 215 ... 182 182 182]
 [215 215 215 ... 184 184 183]
 [215 215 215 ... 185 184 183]
 ...
 [105 109 116 ... 104 104 104]
 [111 114 119 ... 104 104 104]
 [122 124 128 ... 104 104 104]]",0.5255474452554744,0.5602189781021898,0.4516423357664233,0.6240875912408758
32a21a51-3_22_jpg.rf.80f7dba8f6209d5db6a986b5744a7e61.txt,"[[163 162 160 ... 212 212 212]
 [169 168 166 ... 212 212 212]
 [176 175 173 ... 212 212 212]
 ...
 [ 95  95  95 ...  95 104 117]
 [ 95  95  95 ...  99 108 123]
 [ 95  95  95 ... 101 107 121]]",0.487910583941606,0.514598540145985,0.43111313868613116,0.6751824817518244
34dd24d3-WIN_20240524_17_25_44_Pro.txt,"[[173 174 174 ... 126 126 127]
 [172 173 173 ... 126 126 126]
 [170 171 172 ... 126 126 126]
 ...
 [ 22  21  20 ... 135 134 133]
 [ 23  22  20 ... 134 134 133]
 [ 25  23  21 ... 134 134 133]]",0.6752808988764042,0.6801498127340825,0.34382022471910145,0.5173533083645437
3814bfc4-WIN_20240524_16_55_08_Pro.txt,"[[155 155 156 ... 185 185 185]
 [155 156 156 ... 185 185 185]
 [156 156 157 ... 185 185 185]
 ...
 [ 25  25  26 ... 116 117 117]
 [ 23  24  25 ... 116 116 116]
 [ 23  24  25 ... 116 116 115]]",0.5671583850931675,0.5113871635610766,0.35403726708074523,0.8530020703933746
3973526a-4_30_jpg.rf.c3f4cd4852de023e6b1f220c7468c522.txt,"[[101 101 102 ... 121 128 130]
 [102 100  98 ... 130 134 135]
 [ 79  75  72 ... 129 131 132]
 ...
 [ 80  83  89 ... 111 116 115]
 [ 84  85  88 ... 119 119 116]
 [ 73  73  73 ... 105 101  95]]",0.5802919708029197,0.3786496350364963,0.739051094890511,0.6514598540145984
3a3c61b0-WIN_20240416_23_04_02_Pro.txt,"[[53 54 54 ... 59 58 57]
 [53 54 54 ... 59 58 57]
 [54 54 54 ... 59 57 56]
 ...
 [ 3  3  3 ...  3  3  3]
 [ 3  3  3 ...  3  3  3]
 [ 4  4  4 ...  3  3  3]]",0.4384704968944099,0.47204968944099385,0.43672360248447206,0.9109730848861285
3b4635bc-WIN_20240524_17_25_35_Pro.txt,"[[173 172 171 ... 127 127 127]
 [173 172 171 ... 127 127 127]
 [172 172 171 ... 126 127 127]
 ...
 [ 24  24  24 ... 147 146 146]
 [ 24  24  25 ... 148 147 147]
 [ 24  25  25 ... 148 148 148]]",0.3691011235955055,0.6488139825218479,0.46853932584269664,0.7023720349563046
3c57ce18-1_16_jpg.rf.ab44b7326ffac95c392d9e2b67ed9be8.txt,"[[148 144 146 ...  40  20   6]
 [148 139 145 ...  82  60  45]
 [132 124 138 ... 106 100  94]
 ...
 [ 66  70  65 ...  48  45  45]
 [ 88  89  75 ...  49  41  54]
 [ 95 110 105 ...  46  40  64]]",0.6528284671532846,0.5465328467153282,0.6706204379562046,0.47992700729926996
3cc8fa32-2_8_jpg.rf.90ce8bedafdb80d8aa79a728d25fca68.txt,"[[206 205 218 ... 212 212 212]
 [204 203 217 ... 213 212 212]
 [185 184 199 ... 214 213 213]
 ...
 [ 15  15  15 ...  49  48  48]
 [ 15  15  15 ...  50  49  49]
 [ 15  15  15 ...  51  50  50]]",0.5022810218978102,0.531021897810219,0.5255474452554745,0.8795620437956205
3e3df475-4_33_jpg.rf.3646827440d8c8eade77e538dd7cad9a.txt,"[[200 200 200 ... 143 144 144]
 [200 200 200 ... 142 143 143]
 [200 200 200 ... 141 142 142]
 ...
 [128 121 119 ...  91  91  91]
 [129 121 122 ...  91  91  91]
 [111 120 125 ...  91  91  91]]",0.4543795620437956,0.5264598540145985,0.49270072992700725,0.531021897810219
40757e6e-2_22_jpg.rf.e64a0e3327a9a56863fed2f32725ce14.txt,"[[83 83 83 ... 92 93 94]
 [83 83 84 ... 91 92 93]
 [83 84 84 ... 89 90 91]
 ...
 [45 45 45 ... 14 14 14]
 [44 44 44 ... 15 15 15]
 [43 43 43 ... 15 15 15]]",0.4920164233576642,0.4708029197080292,0.4694343065693431,0.6569343065693429
40959cbb-WIN_20240524_16_54_04_Pro.txt,"[[186 185 184 ... 145 146 146]
 [186 185 184 ... 146 146 146]
 [186 185 184 ... 146 146 146]
 ...
 [ 21  22  22 ... 157 157 157]
 [ 21  22  23 ... 156 156 156]
 [ 21  22  23 ... 155 156 156]]",0.531638198757764,0.3053830227743271,0.19914596273291926,0.5403726708074534
442797ef-WIN_20240524_17_25_04_Pro.txt,"[[186 186 186 ... 151 149 147]
 [187 187 187 ... 151 149 147]
 [187 187 188 ... 150 149 148]
 ...
 [ 61  61  60 ... 150 148 147]
 [ 62  61  60 ... 149 147 145]
 [ 62  62  61 ... 149 146 144]]",0.4387640449438202,0.40848938826466913,0.24606741573033714,0.4094881398252184
44ab99be-WIN_20240524_17_24_50_Pro.txt,"[[182 182 182 ... 147 147 147]
 [182 182 182 ... 147 146 146]
 [182 183 183 ... 146 145 145]
 ...
 [ 62  63  64 ... 136 136 136]
 [ 64  64  64 ... 135 135 135]
 [ 66  66  65 ... 135 134 135]]",0.7719101123595504,0.4794007490636705,0.442696629213483,0.5553058676654183
483e81c6-5_30_jpg.rf.009d872bd7c1df088424ff239d74a013.txt,"[[190 188 186 ...  35  38  41]
 [189 188 187 ...  39  41  42]
 [189 189 189 ...  44  45  45]
 ...
 [ 26  25  24 ...   3   5   6]
 [ 23  22  22 ...   3   4   4]
 [ 21  21  20 ...   3   3   2]]",0.5583941605839418,0.5018248175182483,0.864963503649635,0.6824817518248177
48432d32-WIN_20240524_16_53_10_Pro.txt,"[[110 109 109 ...  97  98 100]
 [108 108 107 ...  99 100 101]
 [107 106 106 ... 100 101 103]
 ...
 [ 97  97  97 ...  25  26  26]
 [ 97  96  96 ...  25  26  27]
 [ 96  95  95 ...  25  26  27]]",0.5467779503105591,0.4440993788819875,0.3016304347826088,0.4078674948240165
4c94a882-5_15_jpg.rf.2f62371b1bff9e29273c851331469e2a.txt,"[[ 59  64  67 ... 111 120 125]
 [ 45  50  56 ... 122 121 120]
 [ 45  46  49 ... 121 115 111]
 ...
 [ 32  31  30 ...  33  28  24]
 [ 29  27  26 ...  34  31  28]
 [ 20  19  19 ...  31  32  31]]",0.5499543795620437,0.489963503649635,0.8125,0.720802919708029
4caa024a-5_5_jpg.rf.29f3188ee77e64ebc0c7a5d8af112006.txt,"[[ 24  22  19 ... 106 100  96]
 [ 24  21  18 ... 106 107 108]
 [ 24  22  18 ... 105 108 110]
 ...
 [ 52  53  55 ...   6   7   7]
 [ 45  47  51 ...   6   6   6]
 [ 49  50  51 ...   6   5   5]]",0.603558394160584,0.531021897810219,0.7746350364963505,0.6861313868613139
4d1929d9-2_29_jpg.rf.700b6977a6209173dbd58fc3800a4c78.txt,"[[107  86  66 ... 139 133 118]
 [107  77  56 ... 150 148 136]
 [105  69  51 ... 151 149 138]
 ...
 [ 76  77  76 ... 111 128 132]
 [ 70  70  69 ... 113 130 133]
 [ 55  56  57 ... 115 132 133]]",0.47833029197080296,0.5930656934306568,0.40921532846715336,0.6569343065693432
4d429587-3_13_jpg.rf.2179a54c5b72b0cae7c481fcd52cfdc9.txt,"[[142 143 143 ...  94  97 100]
 [144 144 143 ... 135 137 140]
 [147 147 146 ... 143 145 147]
 ...
 [224 224 224 ...  49  47  49]
 [224 224 224 ...  35  30  31]
 [224 224 224 ...  34  29  32]]",0.384580291970803,0.5410583941605838,0.4324817518248176,0.6624087591240874
502e5f98-WIN_20240524_17_24_54_Pro.txt,"[[187 187 186 ... 150 149 149]
 [187 187 186 ... 149 149 149]
 [187 187 186 ... 149 149 148]
 ...
 [ 70  71  71 ... 153 152 152]
 [ 70  71  71 ... 153 152 151]
 [ 70  71  71 ... 154 152 151]]",0.3460674157303371,0.5303370786516853,0.451685393258427,0.7250936329588015
51274d03-4_22_jpg.rf.1d2740d0008a59eb4969bdcb2048a210.txt,"[[216 216 216 ... 231 218 220]
 [216 216 216 ... 231 218 219]
 [217 217 217 ... 215 201 202]
 ...
 [ 57  57  58 ...  11  11  11]
 [ 56  56  57 ...  11  11  11]
 [ 55  56  57 ...  11  11  11]]",0.5009124087591244,0.5346715328467151,0.5775547445255479,0.6605839416058391
5306de29-WIN_20240524_17_25_53_Pro.txt,"[[172 170 169 ... 122 122 122]
 [171 170 169 ... 122 121 121]
 [171 170 169 ... 122 121 120]
 ...
 [ 19  20  20 ... 149 149 149]
 [ 17  18  18 ... 151 151 151]
 [ 17  17  17 ... 151 152 152]]",0.6477528089887641,0.38451935081148564,0.15617977528089888,0.577278401997503
55b6e9b1-WIN_20240524_16_54_17_Pro.txt,"[[120 119 118 ... 158 160 162]
 [119 119 118 ... 158 160 161]
 [118 118 118 ... 158 159 159]
 ...
 [ 18  18  18 ...  17  18  19]
 [ 17  18  17 ...  18  19  20]
 [ 17  17  16 ...  19  21  22]]",0.34297360248447206,0.562111801242236,0.343555900621118,0.8757763975155279
565711bd-5_10_jpg.rf.13fb75ab629a60a0cf459509b06166cd.txt,"[[130 130 130 ... 116 117 159]
 [130 130 130 ... 114 113 147]
 [130 130 130 ... 125 125 148]
 ...
 [ 60  55  57 ... 104 108 105]
 [ 57  62  67 ...  97  99  91]
 [ 57  68  74 ...  94  93  81]]",0.5625,0.4881386861313868,0.5967153284671532,0.4908759124087591
57020d22-1_19_jpg.rf.59a6bed2c9c447df7ce1c218292aa310.txt,"[[203 203 204 ... 173 173 173]
 [203 203 204 ... 173 173 172]
 [203 203 204 ... 172 171 171]
 ...
 [112 115 110 ...  96  96  96]
 [109 107 104 ...  96  96  96]
 [108 102  98 ...  96  96  96]]",0.7130474452554746,0.5611313868613139,0.4379562043795621,0.6222627737226278
57695b6d-WIN_20240524_16_54_14_Pro.txt,"[[131 131 130 ... 172 172 171]
 [132 131 130 ... 171 171 170]
 [132 131 131 ... 170 170 169]
 ...
 [ 25  25  25 ...  20  20  20]
 [ 25  25  25 ...  21  21  21]
 [ 25  25  25 ...  21  21  21]]",0.4565217391304348,0.43995859213250527,0.1746894409937888,0.5983436853002071
58db208a-WIN_20240524_17_25_12_Pro.txt,"[[181 181 181 ... 138 141 144]
 [181 181 181 ... 139 142 144]
 [181 181 181 ... 141 143 144]
 ...
 [ 66  66  65 ... 157 156 156]
 [ 67  66  66 ... 157 156 156]
 [ 66  66  65 ... 157 156 156]]",0.6089887640449433,0.5852684144818976,0.21797752808988735,0.45543071161048687
58deeda0-2_7_jpg.rf.41397e458aea3e02d3b400334160101d.txt,"[[197 196 209 ... 205 205 205]
 [196 195 209 ... 206 205 205]
 [178 177 191 ... 207 206 206]
 ...
 [ 19  19  19 ...  49  49  49]
 [ 18  18  18 ...  49  49  49]
 [ 18  18  18 ...  48  49  49]]",0.39758211678832117,0.593978102189781,0.7513686131386862,0.7718978102189783
5968684b-0_21_jpg.rf.96488e617ae2a4c507b0ecdf9dbf3f70.txt,"[[164 164 164 ... 220 220 220]
 [164 164 164 ... 220 220 220]
 [164 164 164 ... 220 220 220]
 ...
 [137 137 137 ... 115 120 126]
 [137 137 137 ... 106 114 122]
 [137 137 137 ...  97 105 114]]",0.6713047445255476,0.5875912408759124,0.24771897810218982,0.3540145985401459
5c3e30db-1_4_jpg.rf.39b20e940a43f3b6cedd53b72b1837b2.txt,"[[120 127 145 ... 101 102  89]
 [126 120 135 ...  86  88  87]
 [135 118 130 ...  88  89  93]
 ...
 [ 14   7  34 ...  85  80  73]
 [ 15  10  44 ...  81  73  66]
 [ 16  12  50 ...  55  47  41]]",0.4728558394160584,0.624087591240876,0.6227189781021898,0.6058394160583942
5ea3bb3e-0_27_jpg.rf.914e2cd5b742af35d1780f61bdfe9824.txt,"[[139 143 135 ...  15  14  16]
 [136 131 132 ...  15  15  19]
 [129 130 138 ...  14  17  23]
 ...
 [ 91  91  91 ...  48  46  49]
 [ 91  91  91 ...  68  70  77]
 [ 92  92  92 ...  41  54  70]]",0.6398266423357665,0.44069343065693434,0.39552919708029194,0.385036496350365
617258dd-3_28_jpg.rf.cbafb04f9acc371ab7c55b747d34df49.txt,"[[110 100  96 ... 147 134 138]
 [130 116 107 ... 153 138 132]
 [ 89  81  80 ... 163 148 131]
 ...
 [ 68  67  69 ... 114 120 130]
 [ 81  78  78 ... 122 122 126]
 [ 56  53  53 ... 123 115 114]]",0.6802007299270073,0.6067518248175182,0.4379562043795622,0.5492700729927007
61c22242-WIN_20240524_16_53_05_Pro.txt,"[[175 175 176 ... 131 131 130]
 [175 175 176 ... 131 131 131]
 [175 175 176 ... 132 132 131]
 ...
 [110 109 108 ...  93  93  92]
 [109 108 107 ...  97  96  94]
 [109 108 106 ... 100  97  93]]",0.5269798136645963,0.4792960662525881,0.2550465838509318,0.813664596273292
64d1e5d9-2_32_jpg.rf.fdf0ffe83228da3e79edd50256ff3872.txt,"[[ 73  68  77 ... 134 145 150]
 [ 65  70  86 ... 134 143 147]
 [ 62  78  99 ... 131 139 142]
 ...
 [ 62  60  55 ...  91 109 127]
 [ 59  60  58 ...  90 108 124]
 [ 68  73  74 ...  93 108 122]]",0.47217153284671537,0.5593065693430657,0.42153284671532854,0.6332116788321168
6b26bd53-5_9_jpg.rf.b933893db2916aa4f5b7434eef91d972.txt,"[[194 194 194 ... 200 200 200]
 [194 194 194 ... 202 202 202]
 [194 194 194 ... 199 198 197]
 ...
 [ 66  65  67 ...  29  26  24]
 [ 67  66  70 ...  28  27  28]
 [ 66  67  72 ...  27  28  30]]",0.5761861313868616,0.39507299270072943,0.7144160583941607,0.7828467153284662
6beee529-WIN_20240524_17_24_38_Pro.txt,"[[187 187 188 ... 152 153 153]
 [187 187 188 ... 152 152 153]
 [187 187 187 ... 152 152 152]
 ...
 [ 73  72  71 ... 154 154 154]
 [ 75  73  72 ... 154 154 154]
 [ 75  74  72 ... 153 153 153]]",0.5331460674157303,0.3695380774032458,0.20337078651685409,0.619225967540574
7067596c-WIN_20240524_17_24_30_Pro.txt,"[[188 188 188 ... 151 150 149]
 [188 188 188 ... 151 150 149]
 [187 188 188 ... 151 150 149]
 ...
 [ 55  55  55 ... 117 117 118]
 [ 57  57  57 ... 115 115 116]
 [ 59  59  59 ... 113 114 115]]",0.43370786516853926,0.366541822721598,0.5752808988764044,0.5253433208489389
7224abbf-1_1_jpg.rf.f6841045a84d26e230db5093724b7324.txt,"[[129 139 140 ... 105 103 102]
 [121 123 122 ... 108 107 106]
 [167 156 145 ... 110 110 110]
 ...
 [ 66  65  60 ...  65  56  52]
 [ 77  76  70 ...  51  55  55]
 [127 114  98 ...  57  54  46]]",0.657618613138686,0.5428832116788318,0.6555656934306567,0.4799270072992702
7430c459-0_6_jpg.rf.e7143cb21d838df0632bb22e4ab95948.txt,"[[113  71  36 ... 123 122 115]
 [139 102  59 ... 116 116 114]
 [150 132  95 ... 110 112 115]
 ...
 [ 17  20  24 ... 126 127 128]
 [ 19  23  27 ... 127 127 127]
 [ 22  26  29 ... 138 135 134]]",0.6986770072992701,0.42518248175182477,0.5980839416058393,0.49635036496350365
776287b2-WIN_20240524_16_52_02_Pro.txt,"[[141 141 140 ...  56  55  55]
 [140 140 140 ...  56  56  56]
 [140 140 140 ...  57  57  58]
 ...
 [145 144 144 ... 108 108 108]
 [146 146 145 ... 107 108 108]
 [147 147 146 ... 106 107 108]]",0.5194099378881988,0.48343685300207034,0.30046583850931674,0.7598343685300206
78061e74-WIN_20240524_17_25_41_Pro.txt,"[[173 173 173 ... 123 123 124]
 [173 173 173 ... 123 124 125]
 [174 174 174 ... 124 125 125]
 ...
 [ 27  26  25 ... 136 137 137]
 [ 26  25  25 ... 136 137 138]
 [ 25  24  24 ... 136 138 139]]",0.6629213483146068,0.6741573033707866,0.32359550561797745,0.5173533083645443
78a9743b-4_13_jpg.rf.7907ff1651ca574d5ba4ece437e42e68.txt,"[[129 133 140 ... 173 171 170]
 [138 138 139 ... 153 151 150]
 [140 138 138 ... 116 114 113]
 ...
 [217 217 217 ...  43  45  48]
 [217 217 217 ...  43  47  51]
 [217 217 217 ...  38  43  47]]",0.5050182481751826,0.5894160583941606,0.6076642335766423,0.7007299270072991
7af537ff-WIN_20240524_17_24_52_Pro.txt,"[[184 184 184 ... 149 150 151]
 [185 184 184 ... 149 150 151]
 [185 185 185 ... 149 150 151]
 ...
 [ 68  68  68 ... 154 154 154]
 [ 67  68  68 ... 154 154 154]
 [ 67  68  68 ... 154 155 155]]",0.3443820224719101,0.5243445692883896,0.4685393258426966,0.4893882646691635
7af5a448-WIN_20240416_23_04_00_Pro.txt,"[[57 56 55 ... 61 62 63]
 [56 56 55 ... 62 62 63]
 [55 55 55 ... 62 62 62]
 ...
 [ 4  4  4 ...  3  3  3]
 [ 4  4  4 ...  3  3  3]
 [ 5  5  4 ...  3  3  4]]",0.5240683229813665,0.503105590062112,0.39363354037267073,0.977225672877847
7b4e9e97-5_18_jpg.rf.9865fd0c5f6b89a5b5cfcf292ff3faea.txt,"[[ 74  72  69 ... 115 118 133]
 [ 98  90  82 ... 107 111 127]
 [ 93  92  92 ... 101 107 125]
 ...
 [ 74  72  68 ... 107 108 108]
 [ 70  70  69 ... 109 113 118]
 [ 52  53  55 ... 102 106 114]]",0.5855383211678833,0.4552919708029198,0.8070255474452555,0.571167883211679
7c666fb5-WIN_20240524_16_55_11_Pro.txt,"[[138 137 135 ... 172 172 172]
 [138 137 136 ... 172 172 172]
 [138 137 136 ... 172 171 171]
 ...
 [ 21  22  23 ...  88  86  85]
 [ 19  21  23 ...  88  86  85]
 [ 19  20  23 ...  88  87  86]]",0.6521739130434783,0.6521739130434782,0.2399068322981365,0.695652173913043
7cce4a53-4_24_jpg.rf.b08d1145fe39f261a73707bdd2ad5ece.txt,"[[81 81 81 ... 90 90 90]
 [82 82 81 ... 90 90 90]
 [83 83 82 ... 91 91 91]
 ...
 [15 15 15 ... 46 45 44]
 [14 14 15 ... 45 44 43]
 [14 14 14 ... 45 44 43]]",0.4598540145985395,0.46715328467153255,0.3531021897810211,0.8065693430656932
7da4cc82-3_29_jpg.rf.eb35628510973b07739eb50ee79b53c2.txt,"[[ 92  84  82 ... 138 134 143]
 [138 122 110 ... 140 125 121]
 [ 94  85  83 ... 153 132 118]
 ...
 [ 66  68  71 ... 118 117 123]
 [ 81  81  80 ... 124 117 117]
 [ 53  54  53 ... 130 120 116]]",0.6713047445255476,0.6249999999999999,0.43932481751824815,0.5237226277372262
80218d21-WIN_20240416_23_04_10_Pro.txt,"[[145 145 147 ...  78  77  76]
 [145 145 146 ...  77  77  75]
 [145 146 147 ...  76  76  74]
 ...
 [ 44  44  44 ...   4   5   5]
 [ 44  44  44 ...   5   5   5]
 [ 44  44  45 ...   6   6   6]]",0.46467391304347827,0.4233954451345756,0.2701863354037268,0.5693581780538303
84297f7c-WIN_20240524_16_55_38_Pro.txt,"[[126 126 126 ... 169 170 170]
 [126 127 127 ... 169 170 170]
 [127 127 127 ... 169 170 170]
 ...
 [ 33  32  32 ...  16  16  17]
 [ 35  34  33 ...  16  16  17]
 [ 38  36  34 ...  16  16  16]]",0.4769021739130435,0.5507246376811594,0.2876552795031057,0.8985507246376812
8675c928-4_23_jpg.rf.fa74f02234d172eaac3052cc3c3f4944.txt,"[[88 88 89 ... 95 95 95]
 [88 89 89 ... 96 95 95]
 [89 89 89 ... 96 96 96]
 ...
 [16 16 16 ... 51 51 51]
 [16 16 16 ... 51 51 50]
 [16 16 16 ... 50 50 50]]",0.462591240875912,0.5346715328467153,0.3339416058394158,0.8211678832116789
86f3ee3d-3_5_jpg.rf.70776812d7e04887cba61a2883a15ee3.txt,"[[148 141 134 ... 202 203 203]
 [149 145 142 ... 203 203 203]
 [150 148 145 ... 204 204 204]
 ...
 [227 226 225 ...  67  87 101]
 [225 225 225 ...  51  48  50]
 [223 223 224 ...  50  80 116]]",0.4954379562043795,0.5702554744525549,0.43521897810218974,0.6295620437956205
88bff082-2_1_jpg.rf.4fdac802154a890a70402b1bf2126b00.txt,"[[206 204 217 ... 212 212 212]
 [205 203 216 ... 213 212 212]
 [186 185 198 ... 213 213 213]
 ...
 [ 35  36  36 ...  54  53  53]
 [ 35  35  36 ...  53  52  52]
 [ 35  35  35 ...  53  52  52]]",0.4625912408759122,0.5328467153284672,0.6678832116788318,0.6350364963503652
88dcdea9-WIN_20240524_17_24_44_Pro.txt,"[[182 181 181 ... 144 144 144]
 [181 181 181 ... 144 144 143]
 [181 181 181 ... 144 143 143]
 ...
 [ 63  62  61 ... 147 147 147]
 [ 61  61  61 ... 147 146 146]
 [ 59  59  60 ... 147 146 146]]",0.3033707865168536,0.40948813982521853,0.3393258426966289,0.5952559300873912
8919a1eb-2_27_jpg.rf.0021418e5119eaccecc7936a63564124.txt,"[[76 76 76 ... 90 89 88]
 [76 76 76 ... 89 88 88]
 [77 77 77 ... 87 86 86]
 ...
 [44 45 45 ... 13 13 12]
 [43 44 44 ... 13 12 12]
 [43 43 43 ... 12 12 12]]",0.48243613138686137,0.6405109489051094,0.2997262773722629,0.7189781021897811
8b069414-WIN_20240524_16_52_39_Pro.txt,"[[105 105 104 ... 109 107 106]
 [104 103 103 ... 110 109 108]
 [102 101 101 ... 112 111 110]
 ...
 [ 82  82  81 ...  22  22  22]
 [ 83  83  81 ...  23  24  24]
 [ 84  83  81 ...  24  26  26]]",0.47806677018633537,0.6563146997929608,0.25504658385093165,0.5921325051759834
920c3227-WIN_20240524_17_25_24_Pro.txt,"[[176 176 176 ... 131 131 132]
 [176 176 176 ... 130 130 130]
 [176 176 176 ... 129 129 130]
 ...
 [ 19  20  20 ... 141 141 141]
 [ 20  20  20 ... 141 141 141]
 [ 20  20  19 ... 141 141 141]]",0.4314606741573034,0.4334581772784021,0.3640449438202247,0.7230961298377029
9323fcd8-3_18_jpg.rf.f465a18997cb6915c36e4c2cb24490ec.txt,"[[213 213 213 ... 214 200 201]
 [213 213 213 ... 213 199 199]
 [214 214 214 ... 195 180 180]
 ...
 [ 49  50  50 ...  16  16  16]
 [ 48  49  49 ...  16  16  16]
 [ 48  48  49 ...  16  16  16]]",0.563184306569343,0.5009124087591241,0.5433394160583941,0.9981751824817519
9386d30e-1_23_jpg.rf.0fa5c7a221f66ae1f08aef1b4a2aa5ba.txt,"[[209 209 209 ... 158 163 166]
 [209 209 209 ... 168 171 173]
 [209 209 209 ... 176 176 176]
 ...
 [132 135 134 ...  98  98  98]
 [130 129 126 ...  98  98  98]
 [128 124 120 ...  98  98  98]]",0.4605383211678833,0.614963503649635,0.3270985401459855,0.44525547445255476
93bdb1f9-WIN_20240416_23_04_14_Pro.txt,"[[144 144 145 ...  74  74  74]
 [144 144 145 ...  73  73  73]
 [144 145 146 ...  73  73  73]
 ...
 [ 43  44  45 ...   3   3   3]
 [ 44  45  46 ...   3   3   3]
 [ 44  45  46 ...   3   3   3]]",0.4262422360248448,0.42546583850931685,0.3074534161490683,0.5942028985507247
9880b250-2_2_jpg.rf.5e1e8bce13adc97d2ebb4fd3b95e6555.txt,"[[190 190 206 ... 206 206 206]
 [190 191 207 ... 206 206 206]
 [169 170 186 ... 206 206 206]
 ...
 [ 16  16  16 ...  49  49  49]
 [ 16  16  16 ...  49  49  49]
 [ 16  16  16 ...  48  49  49]]",0.47354014598540145,0.5593065693430657,0.4051094890510949,0.8412408759124087
99f53dea-WIN_20240524_16_53_20_Pro.txt,"[[ 81  80  81 ... 114 114 114]
 [ 81  80  81 ... 114 114 114]
 [ 80  81  82 ... 113 113 113]
 ...
 [ 64  65  66 ...   5   5   5]
 [ 69  69  69 ...   6   5   5]
 [ 72  72  71 ...   7   7   6]]",0.48796583850931685,0.4399585921325052,0.1607142857142857,0.4161490683229813
9c378fa8-WIN_20240524_17_25_33_Pro.txt,"[[177 177 177 ... 125 124 124]
 [177 177 177 ... 127 126 126]
 [177 177 177 ... 129 129 129]
 ...
 [ 19  20  20 ... 148 147 147]
 [ 19  20  22 ... 148 146 145]
 [ 20  21  23 ... 147 145 144]]",0.47865168539325836,0.4084893882646691,0.41348314606741565,0.8169787765293383
9d18a0f5-WIN_20240524_16_54_08_Pro.txt,"[[183 183 183 ... 142 143 143]
 [183 183 183 ... 142 143 143]
 [183 183 183 ... 143 143 142]
 ...
 [ 26  26  26 ... 145 144 143]
 [ 27  27  27 ... 145 144 144]
 [ 29  29  28 ... 145 144 144]]",0.4699145962732919,0.5393374741200828,0.33423913043478265,0.8964803312629399
9ddeef79-WIN_20240416_23_04_09_Pro.txt,"[[148 147 147 ...  76  78  79]
 [148 148 148 ...  76  77  78]
 [148 148 148 ...  76  77  78]
 ...
 [ 46  46  46 ...   4   4   4]
 [ 48  48  48 ...   3   3   4]
 [ 48  48  49 ...   3   3   3]]",0.4600155279503106,0.42339544513457567,0.2771739130434782,0.5486542443064184
9e7328ad-2_9_jpg.rf.5e1ca2a22cff7d8e0bda35278c41ac0c.txt,"[[94 93 92 ... 83 83 83]
 [93 92 91 ... 84 83 83]
 [91 90 89 ... 84 84 83]
 ...
 [14 14 14 ... 45 45 45]
 [15 15 15 ... 44 44 44]
 [15 15 15 ... 43 43 43]]",0.4933850364963505,0.46441605839416056,0.49680656934306566,0.6514598540145987
9f033806-0_9_jpg.rf.01d45c8bba8178042e4ffda56f40c967.txt,"[[148 151 155 ... 201 201 200]
 [145 145 150 ... 202 201 201]
 [147 143 148 ... 202 202 202]
 ...
 [116 116 116 ...  60  60  61]
 [116 116 116 ...  56  56  56]
 [116 116 116 ...  56  56  56]]",0.5782390510948906,0.49908759124087587,0.5187043795620436,0.4543795620437956
a43b51ee-2_19_jpg.rf.bd170f3464497883a5e758947d425522.txt,"[[ 93  84  89 ... 142 144 126]
 [ 89  94 102 ... 145 148 132]
 [ 98 106 110 ... 131 127 116]
 ...
 [ 83  78  75 ... 161 163 165]
 [ 77  78  79 ... 162 165 167]
 [ 69  74  77 ... 164 166 169]]",0.3661040145985402,0.6259124087591242,0.3626824817518248,0.6350364963503651
a53663e4-WIN_20240524_16_52_05_Pro.txt,"[[134 133 132 ...  54  54  55]
 [133 133 133 ...  54  54  55]
 [133 133 133 ...  54  54  55]
 ...
 [ 75  75  75 ... 106 107 107]
 [ 76  76  76 ... 106 107 107]
 [ 77  77  78 ... 107 107 107]]",0.6696428571428571,0.5279503105590062,0.2259316770186335,0.5217391304347827
a94af0c2-3_23_jpg.rf.18743c30062177ecead86967012fa38f.txt,"[[ 75  83  80 ... 138 131 127]
 [102 105 103 ... 137 134 131]
 [114 106  97 ... 132 140 140]
 ...
 [ 47  47  46 ... 101  91  89]
 [ 52  55  55 ... 103  94  91]
 [ 51  54  53 ... 102  95  93]]",0.5433394160583941,0.49908759124087587,0.5145985401459854,0.6332116788321167
af186887-0_10_jpg.rf.71d4eccffdfef51f6d91b86c5eb9b197.txt,"[[204 204 204 ... 147 147 147]
 [204 204 204 ... 147 147 147]
 [204 204 204 ... 147 147 147]
 ...
 [101 113 125 ... 123 123 123]
 [110 118 125 ... 123 123 123]
 [119 122 123 ... 123 123 123]]",0.52007299270073,0.5510948905109488,0.44069343065693434,0.40510948905109473
af33912b-WIN_20240524_17_25_31_Pro.txt,"[[172 172 172 ... 131 129 128]
 [172 172 173 ... 131 130 129]
 [173 173 173 ... 131 130 130]
 ...
 [ 24  23  21 ... 145 146 146]
 [ 24  22  21 ... 144 145 146]
 [ 24  23  21 ... 144 145 147]]",0.47134831460674165,0.414481897627965,0.4370786516853931,0.82896379525593
afa904a8-1_27_jpg.rf.b0248a0738b5aeff5fd9058a02a8818a.txt,"[[214 214 214 ... 171 173 174]
 [214 214 214 ... 178 179 180]
 [214 214 214 ... 184 184 184]
 ...
 [118 116 118 ... 101 101 102]
 [123 116 119 ... 101 102 102]
 [120 112 117 ... 102 102 102]]",0.3989507299270073,0.6177007299270073,0.4530109489051096,0.5930656934306568
b0cf94d1-4_29_jpg.rf.32e1b253bf254336ff2e3bedb937b7b1.txt,"[[118 113 101 ... 135 135 135]
 [ 97 104 113 ... 135 135 135]
 [131 124 113 ... 135 135 135]
 ...
 [ 87 114 139 ...  62  64  67]
 [ 80  88 100 ...  70  75  77]
 [ 83  85 102 ...  67  67  65]]",0.5029653284671532,0.5374087591240876,0.47217153284671537,0.5894160583941604
b12f54b0-1_7_jpg.rf.62c85e46b725f40d95132f1ee0fc5881.txt,"[[148 131 126 ...  67  71  77]
 [132 126 133 ...  75  78  82]
 [121 120 131 ...  78  79  79]
 ...
 [ 12  14  21 ...  65  62  60]
 [ 14  14  16 ...  74  70  66]
 [ 19  16  14 ...  74  75  74]]",0.530337591240876,0.624087591240876,0.43385036496350365,0.7445255474452555
b16687ce-3_1_jpg.rf.f7248fd384b54ccf61fc14535ca959dc.txt,"[[196 195 208 ... 203 203 203]
 [194 193 207 ... 204 204 203]
 [175 174 188 ... 205 205 205]
 ...
 [ 35  35  36 ...  48  48  47]
 [ 33  34  35 ...  48  47  47]
 [ 33  33  34 ...  48  47  47]]",0.31409671532846717,0.6085766423357665,0.6254562043795621,0.7828467153284672
b4e3eebe-0_31_jpg.rf.27d7da995dd1108be1e33be7464d23b3.txt,"[[ 89  90  92 ...  76  68  62]
 [ 99  99 100 ...  77  73  67]
 [107 107 107 ...  76  79  75]
 ...
 [102 102 102 ... 134 134 134]
 [102 102 103 ... 134 134 134]
 [ 98  99 101 ... 134 134 134]]",0.4954379562043795,0.5072992700729927,0.6651459854014599,0.5036496350364963
bb220bef-3_25_jpg.rf.3997fa3edff521b2e6c308c4ffa74219.txt,"[[130 130 128 ... 139 140 142]
 [141 141 140 ... 140 140 142]
 [145 145 145 ... 141 141 141]
 ...
 [ 83  51  34 ... 229 229 229]
 [ 66  48  37 ... 228 228 228]
 [ 56  52  43 ... 227 228 228]]",0.46738138686131364,0.5693430656934304,0.3927919708029199,0.6897810218978095
be724019-3_26_jpg.rf.eaed7e8b605a949bac28ede52d22a456.txt,"[[106 104 102 ... 120 125 130]
 [106  99 101 ...  81  83  86]
 [ 98  89  96 ... 115 113 109]
 ...
 [ 90  97 107 ...  68  79  87]
 [ 92 103 111 ...  50  59  65]
 [ 93 107 114 ...  42  44  47]]",0.6131386861313867,0.4114963503649632,0.5310218978102195,0.6551094890510946
c2d59ebf-WIN_20240524_17_25_51_Pro.txt,"[[170 171 171 ... 125 126 125]
 [171 171 171 ... 125 125 125]
 [172 172 172 ... 125 125 125]
 ...
 [ 20  20  20 ... 148 147 148]
 [ 18  18  18 ... 148 148 149]
 [ 16  16  16 ... 148 148 150]]",0.6674157303370787,0.37952559300873906,0.22247191011235962,0.5273408239700375
c30cabd6-3_17_jpg.rf.0fe1a9f1e09e96990647f246b7cb4453.txt,"[[94 93 91 ... 81 81 81]
 [93 91 90 ... 82 81 81]
 [91 90 88 ... 82 82 82]
 ...
 [13 13 13 ... 43 42 42]
 [14 14 14 ... 41 41 40]
 [14 14 14 ... 40 40 39]]",0.5939781021897811,0.5611313868613139,0.31478102189781026,0.7791970802919708
c44b6c2e-1_25_jpg.rf.d87fe682b953871e81c413f35e7bb98d.txt,"[[134 150 141 ... 200 200 200]
 [139 144 135 ... 201 201 201]
 [147 143 136 ... 203 203 203]
 ...
 [141 134 136 ...  55  57  57]
 [137 130 133 ...  56  59  59]
 [134 127 131 ...  54  55  54]]",0.4714872262773723,0.4927007299270073,0.3353102189781022,0.551094890510949
c6fa33c6-WIN_20240524_16_55_31_Pro.txt,"[[196 196 195 ... 165 165 165]
 [197 196 196 ... 165 165 164]
 [197 197 197 ... 165 164 164]
 ...
 [ 30  30  29 ... 141 141 141]
 [ 28  28  28 ... 140 140 140]
 [ 27  27  27 ... 140 140 140]]",0.594526397515528,0.5300207039337476,0.2969720496894411,0.8074534161490685
c9b2c380-5_19_jpg.rf.0092ea2557b3acfe0efbdb1406944e5e.txt,"[[ 73  71  68 ... 109 127 138]
 [ 91  93  95 ... 106 122 137]
 [ 81  83  87 ... 106 117 133]
 ...
 [ 53  44  45 ... 100  90  73]
 [ 71  60  58 ...  85  85  79]
 [ 60  51  49 ...  71  79  84]]",0.48243613138686103,0.3695255474452551,0.8745437956204374,0.6259124087591235
cb130de0-5_13_jpg.rf.660c8c9621ba1824ee2f7ed409b0315f.txt,"[[226 224 234 ... 219 219 219]
 [225 224 234 ... 219 219 219]
 [209 207 219 ... 220 220 220]
 ...
 [ 18  17  17 ...  56  56  57]
 [ 18  18  17 ...  55  56  56]
 [ 19  18  17 ...  55  55  56]]",0.5139142335766423,0.5501824817518248,0.5433394160583941,0.8266423357664234
cc01fff9-WIN_20240524_16_52_30_Pro.txt,"[[136 137 139 ... 160 159 159]
 [136 137 139 ... 160 159 158]
 [138 139 140 ... 160 159 158]
 ...
 [ 24  24  24 ...  14  14  14]
 [ 23  23  23 ...  13  13  13]
 [ 22  23  23 ...  13  13  12]]",0.35229037267080743,0.44824016563147007,0.3924689440993789,0.7267080745341616
cc4c17ee-5_5_jpg.rf.29f3188ee77e64ebc0c7a5d8af112006.txt,"[[ 24  22  19 ... 106 100  96]
 [ 24  21  18 ... 106 107 108]
 [ 24  22  18 ... 105 108 110]
 ...
 [ 52  53  55 ...   6   7   7]
 [ 45  47  51 ...   6   6   6]
 [ 49  50  51 ...   6   5   5]]",0.6008211678832116,0.5593065693430657,0.7883211678832116,0.7390510948905109
cd3c1e26-WIN_20240416_23_04_07_Pro.txt,"[[154 153 151 ...  74  77  80]
 [153 153 151 ...  74  77  78]
 [152 152 151 ...  75  76  77]
 ...
 [ 47  47  48 ...   5   6   6]
 [ 46  47  47 ...   6   6   6]
 [ 45  46  46 ...   6   6   6]]",0.47981366459627334,0.4699792960662527,0.2725155279503106,0.6252587991718428
ce0091e7-WIN_20240416_23_04_13_Pro.txt,"[[146 145 144 ...  73  72  72]
 [145 145 145 ...  73  73  73]
 [145 145 145 ...  73  73  73]
 ...
 [ 44  44  45 ...   4   5   5]
 [ 46  47  47 ...   4   5   5]
 [ 48  49  49 ...   4   5   5]]",0.42798913043478265,0.4182194616977226,0.29464285714285715,0.6086956521739131
ce010904-3_31_jpg.rf.2bd4e1f570c72f617b20a4147c811af0.txt,"[[133 135 137 ... 137 139 141]
 [134 135 137 ... 137 139 141]
 [134 136 137 ... 138 139 140]
 ...
 [ 38  35  27 ... 227 227 227]
 [ 29  28  28 ... 227 227 227]
 [ 28  36  35 ... 227 227 227]]",0.43658759124087576,0.5337591240875912,0.46532846715328446,0.8193430656934304
cee29f23-WIN_20240524_17_24_46_Pro.txt,"[[182 182 182 ... 141 140 139]
 [182 182 182 ... 141 140 139]
 [182 182 182 ... 141 140 139]
 ...
 [ 61  61  62 ... 133 133 134]
 [ 59  60  60 ... 133 134 134]
 [ 57  58  59 ... 133 133 134]]",0.7735955056179776,0.4905867634938748,0.4528089887640449,0.48978775919748757
cee60191-5_28_jpg.rf.e005f4b8b85c0aeedc15e00319b11b07.txt,"[[193 193 193 ... 136 136 137]
 [193 193 193 ... 136 136 136]
 [193 193 193 ... 135 135 134]
 ...
 [109 110 111 ...  81  81  81]
 [111 111 112 ...  81  81  81]
 [110 110 110 ...  81  81  81]]",0.47148722627737194,0.5364963503649638,0.554288321167883,0.5255474452554746
d1cc7b18-4_15_jpg.rf.f347fb1f74cd82d93faf8406d8d74dc4.txt,"[[152 151 151 ... 208 208 208]
 [152 151 151 ... 208 208 208]
 [152 151 151 ... 208 208 208]
 ...
 [100  99  99 ... 128 132 116]
 [100 100  99 ... 115 126 124]
 [100 100 100 ... 107 123 136]]",0.5234945255474454,0.552007299270073,0.5761861313868613,0.6952554744525549
d435537c-0_19_jpg.rf.542d48a3b59f88f32887f5fb2c229917.txt,"[[ 79  91 108 ...  94 115 131]
 [102  99 105 ...  97  98 113]
 [113 101 103 ... 116  96  98]
 ...
 [ 74  77  84 ...  84  84  85]
 [ 62  56  52 ...  84  85  85]
 [ 46  43  44 ...  84  84  85]]",0.5036496350364964,0.42609489051094895,0.3366788321167884,0.4434306569343066
d88ce9ab-WIN_20240524_16_55_35_Pro.txt,"[[120 120 121 ... 164 163 162]
 [120 120 121 ... 164 163 162]
 [120 120 121 ... 163 162 162]
 ...
 [ 30  30  29 ...  13  13  13]
 [ 30  29  29 ...  13  13  13]
 [ 30  29  28 ...  14  14  14]]",0.4052795031055901,0.49689440993788836,0.3377329192546584,0.8985507246376814
d8a9cae1-WIN_20240524_17_25_23_Pro.txt,"[[176 176 176 ... 134 134 134]
 [176 176 176 ... 133 133 133]
 [176 176 176 ... 132 132 131]
 ...
 [ 24  24  24 ... 147 147 147]
 [ 25  26  25 ... 146 146 145]
 [ 27  27  26 ... 145 145 145]]",0.4617977528089888,0.4404494382022472,0.3235955056179776,0.6731585518102372
dacccb52-5_6_jpg.rf.0ddb69e400dbf143c47c530e9ae69b8d.txt,"[[219 219 219 ... 233 222 225]
 [219 219 219 ... 235 224 226]
 [219 219 219 ... 221 209 211]
 ...
 [ 55  55  56 ...  16  16  16]
 [ 54  54  55 ...  16  16  16]
 [ 53  54  55 ...  16  16  16]]",0.5755018248175182,0.437956204379562,0.40921532846715325,0.8686131386861313
daf367fe-0_16_jpg.rf.fba1283b01d45d1f15d63725f7d8105d.txt,"[[ 82  72  98 ... 124 142 156]
 [ 94  83 102 ... 122 136 148]
 [110 101 107 ... 116 123 132]
 ...
 [ 90  89  87 ...  97 113 129]
 [ 63  64  64 ... 126 144 164]
 [ 53  67  81 ... 145 152 168]]",0.5967153284671532,0.35583941605839414,0.35310218978102187,0.31386861313868614
dc41707c-4_12_jpg.rf.b62511c604fe85aa422c6a9459ae190e.txt,"[[208 208 208 ... 151 150 150]
 [208 208 208 ... 151 150 150]
 [208 208 208 ... 151 150 150]
 ...
 [117 132 128 ...  98  98  98]
 [121 125 117 ...  98  98  98]
 [131 122 110 ...  98  98  98]]",0.47490875912408753,0.5456204379562044,0.5830291970802921,0.7043795620437956
dcb35f75-0_1_jpg.rf.76ff4dc899b6ac1e3dd0b68647562857.txt,"[[ 40  47  51 ...  25  25  25]
 [ 53  61  64 ...  25  25  25]
 [ 73  80  81 ...  25  25  25]
 ...
 [ 64  57  48 ... 136 123 103]
 [ 54  50  45 ... 153 132 104]
 [ 51  49  47 ... 125 123 140]]",0.36815693430656937,0.5474452554744524,0.5364963503649636,0.3686131386861314
dcd84a6c-4_21_jpg.rf.77e2aad6d36c26df71751f46fbc7acb9.txt,"[[106 115 120 ... 134 127 110]
 [ 84  95 103 ... 136 130 115]
 [ 67  69  65 ... 128 121 106]
 ...
 [ 87  90  87 ...  82  95 112]
 [ 93  92  87 ...  85  92 102]
 [ 79  75  67 ...  81  85  90]]",0.37431569343065696,0.3512773722627738,0.7103102189781022,0.6478102189781022
de302f3d-WIN_20240524_17_25_28_Pro.txt,"[[176 177 177 ... 129 130 130]
 [176 176 177 ... 129 129 130]
 [176 176 177 ... 128 129 129]
 ...
 [ 21  22  23 ... 153 153 152]
 [ 20  22  23 ... 152 152 152]
 [ 20  21  23 ... 152 151 151]]",0.3389567363352488,0.4167675837080808,0.6275183359451912,0.6589510776595319
df047b17-4_11_jpg.rf.997ac53ce787983f12898e9be1d4d34d.txt,"[[227 225 235 ... 225 224 223]
 [228 225 235 ... 225 224 224]
 [212 210 222 ... 226 225 225]
 ...
 [ 16  16  16 ...  62  62  61]
 [ 16  16  16 ...  62  61  61]
 [ 16  16  16 ...  62  61  61]]",0.5234945255474449,0.4990875912408759,0.3270985401459856,0.6806569343065695
e075ab13-5_15_jpg.rf.2f62371b1bff9e29273c851331469e2a.txt,"[[ 59  64  67 ... 111 120 125]
 [ 45  50  56 ... 122 121 120]
 [ 45  46  49 ... 121 115 111]
 ...
 [ 32  31  30 ...  33  28  24]
 [ 29  27  26 ...  34  31  28]
 [ 20  19  19 ...  31  32  31]]",0.5704835766423357,0.44251824817518204,0.8590328467153285,0.658759124087591
e156df8d-2_15_jpg.rf.50bd6a57127a8ae2fe6552c80c3f3f6d.txt,"[[143 113  97 ...  80  74  74]
 [152 130 106 ...  79  73  68]
 [160 143 111 ...  84  79  68]
 ...
 [ 84  75  95 ...  66  69  70]
 [ 89  80  95 ...  66  66  67]
 [101  99 109 ...  65  69  73]]",0.5467609489051095,0.5483576642335763,0.44206204379562036,0.6733576642335763
e19e5463-5_24_jpg.rf.12df1d83b4beefd56e2921432061470a.txt,"[[128 128 128 ... 103 117 145]
 [128 128 128 ...  99 108 145]
 [128 128 129 ... 105 116 160]
 ...
 [ 45  57  67 ... 103  96  96]
 [ 48  59  67 ...  93  97  93]
 [ 51  59  63 ...  89 102  99]]",0.5707116788321162,0.5027372262773722,0.5857664233576638,0.49817518248175174
e3c748e6-WIN_20240524_16_54_12_Pro.txt,"[[121 121 120 ... 166 164 164]
 [122 121 121 ... 165 164 164]
 [123 122 121 ... 165 165 164]
 ...
 [ 21  21  20 ...  16  17  17]
 [ 21  21  20 ...  16  17  17]
 [ 22  21  21 ...  16  17  17]]",0.5083462732919256,0.4834368530020704,0.38781055900621125,0.5445134575569359
e9a9cb03-5_22_jpg.rf.c6ea6eb8ea2f78ad90ca011614ae2d0f.txt,"[[123 123 123 ... 126 128 131]
 [124 124 124 ... 126 128 130]
 [125 125 125 ... 126 127 129]
 ...
 [101 107  81 ... 197 192 187]
 [113  88  68 ... 193 192 192]
 [ 67  53  57 ... 189 193 198]]",0.6334397810218974,0.48083941605839436,0.7331204379562034,0.8156934306569348
ed2bcf97-WIN_20240416_23_04_06_Pro.txt,"[[155 154 153 ...  74  73  73]
 [154 153 153 ...  75  74  74]
 [153 153 152 ...  76  76  75]
 ...
 [ 53  54  54 ...   3   3   3]
 [ 53  54  56 ...   3   3   3]
 [ 53  55  57 ...   4   3   3]]",0.46059782608695654,0.5062111801242237,0.24340062111801244,0.38716356107660466
ed7cc3c2-5_9_jpg.rf.b933893db2916aa4f5b7434eef91d972.txt,"[[194 194 194 ... 200 200 200]
 [194 194 194 ... 202 202 202]
 [194 194 194 ... 199 198 197]
 ...
 [ 66  65  67 ...  29  26  24]
 [ 67  66  70 ...  28  27  28]
 [ 66  67  72 ...  27  28  30]]",0.6062956204379559,0.3777372262773724,0.7718978102189776,0.7226277372262776
ede291a9-3_15_jpg.rf.f5b018025b92a84b5b724c791ad67ad2.txt,"[[145 142 139 ... 204 204 203]
 [147 145 143 ... 206 206 206]
 [142 142 142 ... 207 206 206]
 ...
 [225 224 224 ...  40  26  28]
 [225 225 224 ...  56  43  47]
 [225 225 225 ...  53  47  55]]",0.5850821167883216,0.5720802919708028,0.43658759124087587,0.7390510948905111
eedd07f6-4_8_jpg.rf.4d81c46281a548683c6b016235279b16.txt,"[[215 215 215 ... 231 219 221]
 [216 216 216 ... 232 219 221]
 [218 218 218 ... 216 203 204]
 ...
 [ 57  57  58 ...  17  17  17]
 [ 56  56  58 ...  17  17  17]
 [ 55  56  57 ...  17  17  17]]",0.41811131386861305,0.6140510948905107,0.49406934306569317,0.771897810218978
f348fc28-0_25_jpg.rf.5638cb73c8455d657306b925f32d7377.txt,"[[164 164 164 ... 219 219 219]
 [164 164 164 ... 219 219 219]
 [164 164 164 ... 219 219 219]
 ...
 [134 134 134 ... 125 128 133]
 [134 134 134 ... 124 128 133]
 [134 134 134 ... 123 127 132]]",0.6192974452554745,0.582116788321168,0.2586678832116787,0.2627737226277371
f59de0c5-1_10_jpg.rf.65f6c742048f53f0fa92ab7af88aa34b.txt,"[[180 180 181 ... 189 189 189]
 [180 181 181 ... 190 189 189]
 [181 181 182 ... 190 190 190]
 ...
 [ 56  56  56 ...  11  10  10]
 [ 56  56  56 ...  11  10  10]
 [ 56  56  56 ...  11  10  10]]",0.38526459854014605,0.4844890510948905,0.4803832116788322,0.760948905109489
f71a467e-1_31_jpg.rf.b6f1ddfcbcdf6eb378c2ba35eff4f068.txt,"[[211 211 211 ... 179 179 179]
 [211 211 211 ... 177 178 178]
 [211 211 211 ... 173 175 176]
 ...
 [ 97  94  97 ... 123 127 128]
 [ 99 102 108 ... 126 127 127]
 [104 108 113 ... 128 127 126]]",0.5570255474452556,0.5985401459854015,0.405109489051095,0.5875912408759124
f72c4f15-3_8_jpg.rf.a1e11f0f76af347144c215b9f3dcb322.txt,"[[207 207 207 ... 208 193 194]
 [207 207 208 ... 207 192 193]
 [208 208 209 ... 189 174 174]
 ...
 [ 50  50  50 ...  37  36  36]
 [ 49  49  49 ...  35  35  35]
 [ 49  49  49 ...  35  34  34]]",0.6498631386861313,0.6487226277372264,0.7002737226277372,0.7025547445255476
fae663c3-0_24_jpg.rf.001cfa824835b1783db19d77d3589037.txt,"[[ 53  50  46 ... 127 127 130]
 [ 48  47  44 ... 122 117 133]
 [ 41  41  41 ... 124 121 119]
 ...
 [ 43  46  50 ...  97  97  97]
 [ 57  72  87 ...  97  97  97]
 [ 63  69  70 ...  96  96  96]]",0.364051094890511,0.4461678832116789,0.41058394160583944,0.3667883211678833
ffac608e-3_27_jpg.rf.550f609db60f780f3e08c21489c0ff74.txt,"[[111 116 120 ... 128 128 128]
 [118 126 135 ... 128 128 128]
 [132 139 146 ... 128 128 128]
 ...
 [  9   9   9 ...  58  54  50]
 [  9   9   9 ...  50  43  36]
 [  9   9   9 ...  35  33  30]]",0.5344434306569343,0.5611313868613138,0.4010036496350365,0.6003649635036497
ffdd2a81-5_6_jpg.rf.0ddb69e400dbf143c47c530e9ae69b8d.txt,"[[219 219 219 ... 233 222 225]
 [219 219 219 ... 235 224 226]
 [219 219 219 ... 221 209 211]
 ...
 [ 55  55  56 ...  16  16  16]
 [ 54  54  55 ...  16  16  16]
 [ 53  54  55 ...  16  16  16]]",0.5782390510948905,0.42700729927007297,0.44753649635036497,0.8540145985401459
